<?xml version="1.0" encoding="UTF-8"?>
<configuration>

    <include resource="org/springframework/boot/logging/logback/defaults.xml"/>

    <property resource="bootstrap.properties" />
    <property name="LOGS_DIR" value="./logs" />
    <property name="LOG_FILE_NAME" value="${spring.application.name}" />

    <appender name="Console"
              class="ch.qos.logback.core.ConsoleAppender">
        <layout class="ch.qos.logback.classic.PatternLayout">
            <Pattern>${CONSOLE_LOG_PATTERN}</Pattern>
        </layout>
    </appender>

    <appender name="RollingFile"
              class="ch.qos.logback.core.rolling.RollingFileAppender">
        <file>${LOGS_DIR}/${LOG_FILE_NAME}.log</file>
        <encoder
                class="ch.qos.logback.classic.encoder.PatternLayoutEncoder">
            <Pattern>${CONSOLE_LOG_PATTERN}</Pattern>
        </encoder>

        <rollingPolicy
                class="ch.qos.logback.core.rolling.TimeBasedRollingPolicy">
            <!-- rollover daily and when the file reaches 10 MegaBytes -->
            <fileNamePattern>${LOGS_DIR}/archived/${LOG_FILE_NAME}-%d{yyyy-MM-dd}.%i.log
            </fileNamePattern>
            <timeBasedFileNamingAndTriggeringPolicy
                    class="ch.qos.logback.core.rolling.SizeAndTimeBasedFNATP">
                <maxFileSize>10MB</maxFileSize>
            </timeBasedFileNamingAndTriggeringPolicy>
        </rollingPolicy>
    </appender>

    <!-- LOG everything at INFO level -->
    <root level="info">
        <appender-ref ref="RollingFile" />
        <appender-ref ref="Console" />
    </root>

    <!-- LOG "com.baeldung*" at TRACE level -->
    <logger name="com.teenthofabud.laundromat.manager.type" level="info" additivity="false">
        <appender-ref ref="RollingFile" />
        <appender-ref ref="Console" />
    </logger>

    <logger name="logging.level.org.hibernate.SQL" level="debug">
        <appender-ref ref="RollingFile" />
        <appender-ref ref="Console" />
    </logger>

    <logger name="logging.level.org.hibernate.type.descriptor.sql.BasicBinder" level="trace">
        <appender-ref ref="RollingFile" />
        <appender-ref ref="Console" />
    </logger>

</configuration>